,MID,exp_date,handoff_date,number_of_habs,SID,x,y,z,BLW_g,wt_g,TWF,WS_ml,WE_ml,TotalWater,TotalWaterPercent,ï»¿Index,Date ,Compression ,Health ,OPT_SCORE_MAX,OPT_SCORE_AVG,OPT_SCORE_SUM,Notes ,Photos,Compression 0 = no compression 1 = some compression 2= significant compression,Health 0 = healthy 1 = minor damage 2 = significant damage,ï»¿ReqComments,ID,Title,HP Surgeon,Date of HP Surgery,PI,LabTracks Requestor,Procedure,Surgery Status,Project ID,IACUC Protocol,DateRangeStart,DateRangeEnd,Light Cycle,LIMs Required,Lims Project Code,LIMStaskflow,LabTracks Group,Pedigree Name,Cage,Sex,Date of Birth,HP Work Station,HP Weight before,HP Weight after,HP Iso Duration,HP Recovery,HP Iso Level,Headpost Type,HP Location,Bregma to Lambda,HP Perferations,HP M/L,HP A/P,HP Diameter,HP Durotomy,Previously Injected,1st Round Inj Surgeon,Date 1st Round Injections,1st Round Inj Workstation,1st Round Inj Weight Before,1st Round Inj Weight After,1st Round Inj Iso Duration,1st Round Inj Iso Level,1st Inj Recovery,2nd Round Inj Surgeon,Date 2nd Round Injections,2nd Round Workstation,2nd Round Inj Weight Before,2nd Round Inj Weight After,2nd Round Inj Iso Duration,2nd Round Inj Iso Level,2nd Inj REcovery,Inj1Round,Inj1VirusStrain,Inj1StorageLocation,Inj 1 Hemisphere,Inj 1 A/P,Inj 1 M/L,Inj 1 D/V,Inj1Type,Inj1Vol,Inj1LenghtofTime,Inj1Current,Inj1AlternatingTime,Inj2Round,Inj2VirusStrain,Inj2StorageLocation,Inj 2 Hemisphere,Inj 2 A/P,Inj 2 M/L,Inj 2 D/V,Inj2Type,Inj2Vol,Inj2LenghtofTime,Inj2Current,Inj2AlternatingTime,Durotomy,Edema (Swelling),Sinus Bleed,Window Clarity,Contusion,Hematoma,Laceration,During 1st Injection,After 1st Injection,1stRoundIontoIssue,During 2nd Injection,After 2nd Injection,2nd Round Ionto Issue,Touch Up Surgeon,Touch Up Status,Touch Up  Completed,Touch Up Weight After,Issue,Exudate Severity,Eye Affected,Eye Issue,Scabbing,CAM  Health Check Surgeon,CAM Go-NoGo Comments,CAM Go-NoGO ISI,CAM Health Check (7d post op),CAM Health Comments,Wellness Comments,inj1volperdepth,Inj1Volperpress,Inj1VirusStrain_rt,Inj2VirusStrain_rt,1stRoundInjComments,1stRoundInjectionComments,2ndRoundInjComments,2ndRoungInjectionComments,HP Surgeon Comments,HPSurgeonComments,Item Type,Path,exp_date_dt,exp_date_plt,Date of HP Surgery_dt,Date of Birth_dt,age_at_surgery_dt,age_at_exp,days_since_surgery
0,485124,20200624,,0,,,,,,,,,,,,,,,,,,,,,,,,,,,,,,,,,,,,,,,,,,,,,,,,,,,,,,,,,,,,,,,,,,,,,,,,,,,,,,,,,,,,,,,,,,,,,,,,,,,,,,,,,,,,,,,,,,,,,,,,,,,,,,,,,,,,,,,,,,,,2020-06-24,18437.0,,,,,
1,496639,20200312,,0,,,,,,,,,,,,,,,,,,,,,,,"23 deg roll, 0 deg pitch",1842.0,496639HP+C Neuropixel style,Andy Cho,11/20/2019,Josh Siegle,Severine,HP+C Neuropixel style,Ready for Feedback,102-02-004-10: BTV Observatory Visual Behavior,1805.0,11/18/2019,11/22/2019,Reverse (9pm to 9am),Yes,NeuropixelVisualBehaviorDevelopment,Brain Observatory Visual Behavior Neuropixel,Vip-IRES-Cre;Ai32,Vip-IRES-Cre;Ai32-496639,02-004-110-1805,Female,9/18/2019,SWS 6,21.2,23.6,1.25,12.0,1.25,Neuropixel-style headframe (0160-100-10/0160-200-36),Left,4.552,Select if applicable...,2.8,1.3,5mm,Yes,Select...,,,Select...,,,,Select...,,,,Select...,,,,Select...,,Select...,,Vivarium -80,Select...,,,,Select...,,,,,Select...,,Vivarium -80,Select...,,,,Select...,,,,,Complete,Mild,None,Central,None,Moderate,None,Select...,Select...,Select...,Select...,Select...,Select...,,Select...,,,Select...,Select...,Select...,Select...,Select...,,,,11/27/2019,,,,,,,,,,,,"â€‹No visible lac, but large hematoma formed at the perimeter of the 1-2 o clock border.Â 
",Item,BrainScience/IVS/Neurosurgery-Behavior/Lists/SWR 2018Present,2020-03-12,18333.0,2019-11-20,2019-09-18,63.0,176.0,113.0
2,498756,20200617,20200608.0,4,-999999.0,,,,24.9,20.3,0.85,0.86,0.715,1.42,0.0570281124497992,,,,,,,,,,,,"23 deg roll, 0 deg pitch",1796.0,498756HP+C Neuropixel style,Robert Howard,11/5/2019,Josh Siegle,Severine,HP+C Neuropixel style,Ready for Feedback,102-02-004-10: BTV Observatory Visual Behavior,1805.0,11/4/2019,11/8/2019,Reverse (9pm to 9am),Yes,NeuropixelVisualBehaviorDevelopment,Brain Observatory Visual Behavior Neuropixel,C57BL/6J (VB),C57BL/6J (VB)-498756,02-004-105-1805,Female,9/11/2019,SWS 7,19.2,22.2,2.0,10.0,1.5,Neuropixel-style headframe (0160-100-10/0160-200-36),Left,4.447,Select if applicable...,2.8,1.3,5mm,Yes,Select...,,,Select...,,,,Select...,,,,Select...,,,,Select...,,Select...,,Vivarium -80,Select...,,,,Select...,,,,,Select...,,Vivarium -80,Select...,,,,Select...,,,,,Complete,None,Mild,Central,None,None,None,Select...,Select...,Select...,Select...,Select...,Select...,,Select...,,,Select...,Select...,Select...,Select...,Select...,,,,11/12/2019,,,,,,,,,,,,,Item,BrainScience/IVS/Neurosurgery-Behavior/Lists/SWR 2018Present,2020-06-17,18430.0,2019-11-05,2019-09-11,55.0,280.0,225.0
3,498757,20200604,,0,-999999.0,,,,27.8,23.0,0.85,0.63,0.51,1.04,0.037410071942446,,,,,,,,,,,,"23 deg roll, 0 deg pitch",1795.0,498757HP+C Neuropixel style,Jackie Swapp,11/7/2019,Josh Siegle,Severine,HP+C Neuropixel style,Ready for Feedback,102-02-004-10: BTV Observatory Visual Behavior,1805.0,11/4/2019,11/8/2019,Reverse (9pm to 9am),Yes,NeuropixelVisualBehaviorDevelopment,Brain Observatory Visual Behavior Neuropixel,C57BL/6J (VB),C57BL/6J (VB)-498757,02-004-106-1805,Female,9/11/2019,SWS 1,20.6,23.7,1.5,10.0,1.5,Neuropixel-style headframe (0160-100-10/0160-200-36),Left,4.145,Select if applicable...,2.8,1.3,5mm,Yes,Select...,,,Select...,,,,Select...,,,,Select...,,,,Select...,,Select...,,Vivarium -80,Select...,,,,Select...,,,,,Select...,,Vivarium -80,Select...,,,,Select...,,,,,Complete,None,Mild,Central,None,Moderate,None,Select...,Select...,Select...,Select...,Select...,Select...,,Select...,,,Select...,Select...,Select...,Select...,Select...,,,,11/14/2019,,,,,,,,,,,,"â€‹Had a vessel bleed at 9 that continued to bleed in a hematoma, covering most of the left half",Item,BrainScience/IVS/Neurosurgery-Behavior/Lists/SWR 2018Present,2020-06-04,18417.0,2019-11-07,2019-09-11,57.0,267.0,210.0
4,498803,20200610,20200609.0,1,-999999.0,,,,23.03,19.1,0.85,0.48,0.61,1.0699999999999998,0.0464611376465479,,,,,,,,,,,,"â€‹23 deg roll, 0 deg pitch
",1868.0,498803HP+C Neuropixel style,Emily Gelfand,11/25/2019,Josh Siegle,Severine,HP+C Neuropixel style,Ready for Feedback,102-02-004-10: BTV Observatory Visual Behavior,1805.0,11/25/2019,11/29/2019,Reverse (9pm to 9am),Yes,NeuropixelVisualBehaviorDevelopment,Brain Observatory Visual Behavior Neuropixel,Sst-IRES-Cre;Ai32,Sst-IRES-Cre;Ai32-498803,02-004-111-1805,Female,10/3/2019,SWS 4,16.7,19.2,1.5,15.0,1.25,Neuropixel-style headframe (0160-100-10/0160-200-36),Left,4.119,,2.8,1.3,5mm,Yes,Select...,,,Select...,,,,Select...,,,,Select...,,,,Select...,,Select...,,Vivarium -80,Select...,,,,Select...,,,,,Select...,,Vivarium -80,Select...,,,,Select...,,,,,Complete,Moderate,Severe,Central,None,None,None,Select...,Select...,Select...,Select...,Select...,Select...,,Select...,,,Select...,Select...,Select...,Select...,Select...,,,,12/2/2019,,,,,,,,,,,,â€‹all new scissors + gel foam. Hail maryd because whole lower sinus and part of right sinus were in craniotomy.,Item,BrainScience/IVS/Neurosurgery-Behavior/Lists/SWR 2018Present,2020-06-10,18423.0,2019-11-25,2019-10-03,53.0,251.0,198.0
5,505167,20200721,20200716.0,3,-999999.0,,,,27.8,23.8,0.85,0.62,0.38,1.0,0.0359712230215827,,,,,,,,,,,,,2019.0,505167HP+C Neuropixel style,Josh Wilkes,1/13/2020,Josh Siegle,Severine,HP+C Neuropixel style,Ready for Feedback,102-02-004-10: BTV Observatory Visual Behavior,1805.0,1/13/2020,1/17/2020,Reverse (9pm to 9am),Yes,NeuropixelVisualBehaviorDevelopment,Brain Observatory Visual Behavior Neuropixel,C57Bl6J(NP),C57Bl6J(NP)-505167,02-004-125-1805,Male,11/12/2019,SWS 3,22.0,24.2,3.0,15.0,1.5,Neuropixel-style headframe (0160-100-10/0160-200-36),Left,4.604,Select if applicable...,2.8,1.3,5mm,Yes,Select...,,,Select...,,,,Select...,,,,Select...,,,,Select...,,Select...,,Vivarium -80,Select...,,,,Select...,,,,,Select...,,Vivarium -80,Select...,,,,Select...,,,,,Complete,None,Severe,Central,None,Mild,None,Select...,Select...,Select...,Select...,Select...,Select...,,Select...,,,Select...,Select...,Select...,Select...,Select...,,,,1/20/2020,,,,,,,,,,,,"â€‹Surgery went well. possible damage with scissors 6 o'clock position

",Item,BrainScience/IVS/Neurosurgery-Behavior/Lists/SWR 2018Present,2020-07-21,18464.0,2020-01-13,2019-11-12,62.0,252.0,190.0
6,506798,20200715,20200619.0,7,-999999.0,,,,27.87,23.700000000000003,0.85,0.435,0.59,1.0,0.035880875493362,,,,,,,,,,,,,2021.0,506798HP+C Neuropixel style,Josh Wilkes,1/21/2020,Josh Siegle,Severine,HP+C Neuropixel style,Ready for Feedback,102-02-004-10: BTV Observatory Visual Behavior,1805.0,1/20/2020,1/24/2020,Reverse (9pm to 9am),Yes,NeuropixelVisualBehaviorDevelopment,Brain Observatory Visual Behavior Neuropixel,Sst-IRES-Cre;Ai32,Sst-IRES-Cre;Ai32-506798,02-004-128-1805,Male,11/24/2019,SWS 3,22.5,24.9,3.0,20.0,1.5,Neuropixel-style headframe (0160-100-10/0160-200-36),Left,4.384,Select if applicable...,2.8,1.3,5mm,Yes,Select...,,,Select...,,,,Select...,,,,Select...,,,,Select...,,Select...,,Vivarium -80,Select...,,,,Select...,,,,,Select...,,Vivarium -80,Select...,,,,Select...,,,,,Complete,Moderate,None,Central,None,None,Severe,Select...,Select...,Select...,Select...,Select...,Select...,,Select...,,,Select...,Select...,Select...,Select...,Select...,,,,1/28/2020,,,,,,,,,,,,"â€‹forceps lacerated the center of the cortex during pop. possible damage at the 6 and 1 o clock position that occured during pop
",Item,BrainScience/IVS/Neurosurgery-Behavior/Lists/SWR 2018Present,2020-07-15,18458.0,2020-01-21,2019-11-24,58.0,234.0,176.0
7,506940,20200817,20200804.0,8,-999999.0,,,,27.73,23.9,0.85,0.8,0.32,1.0,0.0360620266858997,,17-Aug,2.0,2.0,2.0,2.0,4.0,,,OHHHHH MYYYYY!,,,2023.0,506940HP+C Neuropixel style,Chelsea Nayan,1/16/2020,Josh Siegle,Severine,HP+C Neuropixel style,Ready for Feedback,102-02-004-10: BTV Observatory Visual Behavior,1805.0,1/13/2020,1/17/2020,Reverse (9pm to 9am),Yes,NeuropixelVisualBehaviorDevelopment,Brain Observatory Visual Behavior Neuropixel,Vip-IRES-Cre;Ai32,Vip-IRES-Cre;Ai32-506940,02-004-129-1805,Male,11/25/2019,SWS 4,24.3,27.3,3.0,5.0,1.5,Neuropixel-style headframe (0160-100-10/0160-200-36),Left,4.633,Select if applicable...,2.8,1.3,5mm,Yes,Select...,,,Select...,,,,Select...,,,,Select...,,,,Select...,,Select...,,Vivarium -80,Select...,,,,Select...,,,,,Select...,,Vivarium -80,Select...,,,,Select...,,,,,Complete,Mild,None,Central,None,None,None,Select...,Select...,Select...,Select...,Select...,Select...,,Select...,,,Select...,Select...,Select...,Select...,Select...,,,,1/23/2020,,,,,,,,,,,,"Some dura around 3-6 and then 9 o'clock due to vessel attachments. Recovery took a little longer than expected.Â 

",Item,BrainScience/IVS/Neurosurgery-Behavior/Lists/SWR 2018Present,2020-08-17,18491.0,2020-01-16,2019-11-25,52.0,266.0,214.0
8,509652,20200630,20200618.0,6,-999999.0,,,,24.23,22.05,0.85,0.49,0.51,1.0,0.0412711514651258,,,,,,,,,,,,,2069.0,509652HP+C Neuropixel style,Emily Gelfand,1/27/2020,Josh Siegle,Severine,HP+C Neuropixel style,Ready for Feedback,102-02-004-10: BTV Observatory Visual Behavior,1805.0,1/27/2020,1/31/2020,Reverse (9pm to 9am),Yes,NeuropixelVisualBehaviorDevelopment,Brain Observatory Visual Behavior Neuropixel,C57Bl6J (NP),C57Bl6J (NP)-509652,02-004-132-1805,Female,12/13/2019,SWS 2,19.2,22.0,1.5,15.0,1.25,Neuropixel-style headframe (0160-100-10/0160-200-36),Left,4.429,Select if applicable...,2.8,1.3,5mm,Yes,Select...,,,Select...,,,,Select...,,,,Select...,,,,Select...,,Select...,,Vivarium -80,Select...,,,,Select...,,,,,Select...,,Vivarium -80,Select...,,,,Select...,,,,,Complete,Mild,Moderate,Central,None,None,None,Select...,Select...,Select...,Select...,Select...,Select...,,Select...,,,Select...,Select...,Select...,Select...,Select...,,,,2/3/2020,,,,,,,,,,,,â€‹Went well.,Item,BrainScience/IVS/Neurosurgery-Behavior/Lists/SWR 2018Present,2020-06-30,18443.0,2020-01-27,2019-12-13,45.0,200.0,155.0
9,509808,20200902,20200824.0,7,,,,,,,,,,,,,2-Sep,1.0,0.0,1.0,0.5,1.0,,,,,,2117.0,509808HP+C Neuropixel style,Chelsea Nayan,2/6/2020,Josh Siegle,Severine,HP+C Neuropixel style,Ready for Feedback,102-02-004-10: BTV Observatory Visual Behavior,1805.0,2/3/2020,2/7/2020,Reverse (9pm to 9am),Yes,NeuropixelVisualBehaviorDevelopment,Brain Observatory Visual Behavior Neuropixel,Sst-IRES-Cre;Ai32,Sst-IRES-Cre;Ai32-509808,02-004-139-1805,Male,12/14/2019,SWS 4,24.4,27.1,2.0,5.0,2,Neuropixel-style headframe (0160-100-10/0160-200-36),Left,4.592,Select if applicable...,2.8/,1.3,5mm,Yes,Select...,,,Select...,,,,Select...,,,,Select...,,,,Select...,,Select...,,Vivarium -80,Select...,,,,Select...,,,,,Select...,,Vivarium -80,Select...,,,,Select...,,,,,Complete,None,None,Central,None,None,None,Select...,Select...,Select...,Select...,Select...,Select...,,Select...,,,Select...,Select...,Select...,Select...,Select...,,,,2/13/2020,,,,,,,,,,,,"â€‹Dura from 3- 9 o'clock due to sinus and majoy vessels connected to the dura. Recovery was swift. Good surgery?Â 
",Item,BrainScience/IVS/Neurosurgery-Behavior/Lists/SWR 2018Present,2020-09-02,18507.0,2020-02-06,2019-12-14,54.0,263.0,209.0
10,509811,20200818,,0,,,,,,,,,,,,,,,,,,,,,,,,2118.0,509811HP+C Neuropixel style,Emily Gelfand,2/3/2020,Josh Siegle,Severine,HP+C Neuropixel style,Ready for Feedback,102-02-004-10: BTV Observatory Visual Behavior,1805.0,2/3/2020,2/7/2020,Reverse (9pm to 9am),Yes,NeuropixelVisualBehaviorDevelopment,Brain Observatory Visual Behavior Neuropixel,Sst-IRES-Cre;Ai32,Sst-IRES-Cre;Ai32-509811,02-004-136-1805,Male,12/14/2019,SWS 2,26.3,29.5,1.5,15.0,1.25,Neuropixel-style headframe (0160-100-10/0160-200-36),Left,4.048,Select if applicable...,2.8/,1.3,5mm,Yes,Select...,,,Select...,,,,Select...,,,,Select...,,,,Select...,,Select...,,Vivarium -80,Select...,,,,Select...,,,,,Select...,,Vivarium -80,Select...,,,,Select...,,,,,Complete,Mild,None,Central,None,Mild,Mild,Select...,Select...,Select...,Select...,Select...,Select...,,Select...,,,Select...,Select...,Select...,Select...,Select...,,,,2/10/2020,,,,,,,,,,,,"â€‹minor amt of sinus in window. vein dmg at 3 o'clock left blood under coverslip in top R corner. Also, mild pia dmg 7 o'clock.",Item,BrainScience/IVS/Neurosurgery-Behavior/Lists/SWR 2018Present,2020-08-18,18492.0,2020-02-03,2019-12-14,51.0,248.0,197.0
11,509940,20200630,20200622.0,7,-999999.0,,,,29.23,23.6,0.85,1.25,0.6,1.92,0.0656859391036606,,,,,,,,,,,,,2135.0,509940HP+C Neuropixel style,Emily Gelfand,2/11/2020,Josh Siegle,Severine,HP+C Neuropixel style,Ready for Feedback,102-02-004-10: BTV Observatory Visual Behavior,1805.0,2/10/2020,2/14/2020,Reverse (9pm to 9am),Yes,NeuropixelVisualBehaviorDevelopment,Brain Observatory Visual Behavior Neuropixel,Vip-IRES-Cre;Ai32,Vip-IRES-Cre;Ai32-509940,04-006-18-1703,Female,8/20/2019,SWS 2,25.8,28.6,1.5,15.0,1.25,Neuropixel-style headframe (0160-100-10/0160-200-36),Left,4.462,Select if applicable...,2.8,1.3,5mm,Yes,Select...,,,Select...,,,,Select...,,,,Select...,,,,Select...,,Select...,,Vivarium -80,Select...,,,,Select...,,,,,Select...,,Vivarium -80,Select...,,,,Select...,,,,,Partial,Mild,Severe,Central,None,None,Mild,Select...,Select...,Select...,Select...,Select...,Select...,,Select...,,,Select...,Select...,Select...,Select...,Select...,,,,2/18/2020,,,,,,,,,,,,"Full right sinus in window with some lower sinus visible as well. Due to severe sinus bleed from right sinus and moderate sinus bleed from lower sinus, performed hail mary and didn't remove all of dura from R.S. for fear of mouse health. Also, some metabond extends further near right eye due to small cut near eye area that was both vet and metabonded.",Item,BrainScience/IVS/Neurosurgery-Behavior/Lists/SWR 2018Present,2020-06-30,18443.0,2020-02-11,2019-08-20,175.0,315.0,140.0
12,510589,20200819,20200810.0,6,-999999.0,,,,27.7,22.2,0.85,1.34,0.54,1.78,0.0642599277978339,,19-Aug,1.0,2.0,2.0,1.5,3.0,,,Seiz,,,2138.0,510589HP+C Neuropixel style,Jackie Swapp,2/13/2020,Josh Siegle,Severine,HP+C Neuropixel style,Ready for Feedback,102-02-004-10: BTV Observatory Visual Behavior,1805.0,2/10/2020,2/14/2020,Reverse (9pm to 9am),Yes,NeuropixelVisualBehaviorDevelopment,Brain Observatory Visual Behavior Neuropixel,Vip-IRES-Cre;Ai32,Vip-IRES-Cre;Ai32-510589,02-004-143-1805,Male,12/21/2020,SWS 1,24.2,27.2,1.75,10.0,1.5,Neuropixel-style headframe (0160-100-10/0160-200-36),Left,4.24,Select if applicable...,2.8,1.3,5mm,Yes,Select...,,,Select...,,,,Select...,,,,Select...,,,,Select...,,Select...,,Vivarium -80,Select...,,,,Select...,,,,,Select...,,Vivarium -80,Select...,,,,Select...,,,,,Complete,None,None,Central,None,Mild,Mild,Select...,Select...,Select...,Select...,Select...,Select...,,Select...,,,Select...,Select...,Select...,Select...,Select...,,,,2/20/2020,,,,,,,,,,,,"â€‹mild hematoma along left edge, mild damage around 3 oclock, vessel was attached to dura",Item,BrainScience/IVS/Neurosurgery-Behavior/Lists/SWR 2018Present,2020-08-19,18493.0,2020-02-13,2020-12-21,312.0,124.0,188.0
13,512913,20200708,20200630.0,5,-999999.0,,,,30.4,24.65,0.85,1.19,0.6,1.81,0.0595394736842105,,,,,,,,,,,,,2193.0,512913HP+C Neuropixel style,Emily Gelfand,2/25/2020,Josh Siegle,Severine Durand,HP+C Neuropixel style,Ready for Feedback,102-02-004-10: BTV Observatory Visual Behavior,1805.0,2/24/2020,2/28/2020,Reverse (9pm to 9am),Yes,NeuropixelVisualBehaviorDevelopment,Brain Observatory Visual Behavior Neuropixel,Sst-IRES-Cre;Ai32,Sst-IRES-Cre;Ai32-512913,02-004-148-1805,Male,1/4/2020,SWS 2,25.6,28.1,1.5,15.0,1.25,Neuropixel-style headframe (0160-100-10/0160-200-36),Left,4.434,Select if applicable...,2.8,1.3,5mm,Yes,Select...,,,Select...,,,,Select...,,,,Select...,,,,Select...,,Select...,,Vivarium -80,Select...,,,,Select...,,,,,Select...,,Vivarium -80,Select...,,,,Select...,,,,,Complete,Mild,Moderate,Central,None,None,None,Select...,Select...,Select...,Select...,Select...,Select...,,Select...,,,Select...,Select...,Select...,Select...,Select...,,,,3/3/2020,,,,,,,,,,,,"â€‹Full sinus (and some cerebellum) in window, so sinus bled during pop. Managed to hail mary without too much bleed.",Item,BrainScience/IVS/Neurosurgery-Behavior/Lists/SWR 2018Present,2020-07-08,18451.0,2020-02-25,2020-01-04,52.0,186.0,134.0
14,513271,20200729,20200713.0,8,-999999.0,,,,28.37,23.3,0.85,0.81,0.61,1.21,0.0426506873457878,,,,,,,,,,,,,2194.0,513271HP+C Neuropixel style,Jackie Swapp,2/26/2020,Josh Siegle,Severine Durand,HP+C Neuropixel style,Ready for Feedback,102-02-004-10: BTV Observatory Visual Behavior,1805.0,2/24/2020,2/28/2020,Reverse (9pm to 9am),Yes,NeuropixelVisualBehaviorDevelopment,Brain Observatory Visual Behavior Neuropixel,Vip-IRES-Cre;Ai32,Vip-IRES-Cre;Ai32-513271,02-004-149-1805,Male,1/7/2020,SWS 1,24.4,27.4,1.75,8.0,1.5,Neuropixel-style headframe (0160-100-10/0160-200-36),Left,4.243,Select if applicable...,2.8,1.3,5mm,Yes,Select...,,,Select...,,,,Select...,,,,Select...,,,,Select...,,Select...,,Vivarium -80,Select...,,,,Select...,,,,,Select...,,Vivarium -80,Select...,,,,Select...,,,,,Complete,None,Mild,Central,None,None,None,Select...,Select...,Select...,Select...,Select...,Select...,,Select...,,,Select...,Select...,Select...,Select...,Select...,,,,3/4/2020,,,,,,,,,,,,,Item,BrainScience/IVS/Neurosurgery-Behavior/Lists/SWR 2018Present,2020-07-29,18472.0,2020-02-26,2020-01-07,50.0,204.0,154.0
15,513573,20200722,20200707.0,11,-999999.0,,,,28.83,23.6,0.85,0.91,0.74,1.69,0.0586194935830731,,,,,,,,,,,,,2162.0,513573HP+C Neuropixel style,Conor Grasso,2/20/2020,Josh Siegle,Severine,HP+C Neuropixel style,Ready for Feedback,102-02-004-10: BTV Observatory Visual Behavior,1805.0,2/17/2020,2/21/2020,Reverse (9pm to 9am),Yes,NeuropixelVisualBehaviorDevelopment,Brain Observatory Visual Behavior Neuropixel,C57Bl6J (NP),C57Bl6J (NP)-513573,02-004-147-1805,Female,12/19/2019,Select...,20.0,23.0,1.5,15.0,1.5,Neuropixel-style headframe (0160-100-10/0160-200-36),Left,4.49,Select if applicable...,2.8,1.3,5mm,Yes,Select...,,,Select...,,,,Select...,,,,Select...,,,,Select...,,Select...,,Vivarium -80,Select...,,,,Select...,,,,,Select...,,Vivarium -80,Select...,,,,Select...,,,,,Complete,Moderate,Mild,Central,None,Mild,None,Select...,Select...,Select...,Select...,Select...,Select...,,Select...,,,Select...,Select...,Select...,Select...,Select...,,,,2/27/2020,,,,,,,,,,,,"Hematoma/damage on edge of window at 7oClock, small bleed caused some dura to seal to the cortex. Small bleed from drilling at 12oClock may have produced some damage but i couldn't see any clear damage so it could just be from a vessel. A lot of sinus is in the window. Also window has lots of glare from the kwikcast so the post surgery photo was a bit reflective and difficult to seeâ€‹",Item,BrainScience/IVS/Neurosurgery-Behavior/Lists/SWR 2018Present,2020-07-22,18465.0,2020-02-20,2019-12-19,63.0,216.0,153.0
16,521466,20200909,20200831.0,6,-999999.0,,,,24.17,20.85,0.85,0.395,0.605,1.0,0.0413736036408771,,9-Sep,1.0,1.0,1.0,1.0,2.0,,,,,,2297.0,521466HP+C Neuropixel style,Chelsea Nayan,5/6/2020,Josh Siegle,Severine,HP+C Neuropixel style,Ready for Feedback,102-02-004-10: BTV Observatory Visual Behavior,1805.0,5/4/2020,5/8/2020,Reverse (9pm to 9am),Yes,NeuropixelVisualBehaviorDevelopment,Brain Observatory Visual Behavior Neuropixel,Vip-IRES-Cre;Ai32,Vip-IRES-Cre;Ai32-521466,02-004-156-1805,Female,2/29/2020,SWS 4,19.1,22.0,1.5,5.0,1.5,Neuropixel-style headframe (0160-100-10/0160-200-36),Left,4.574,Select if applicable...,2.8,1.3,5mm,Yes,Select...,,,Select...,,,,Select...,,,,Select...,,,,Select...,,Select...,,Vivarium -80,Select...,,,,Select...,,,,,Select...,,Vivarium -80,Select...,,,,Select...,,,,,Complete,Severe,None,Central,None,Moderate,None,Select...,Select...,Select...,Select...,Select...,Select...,,Select...,,,Select...,Select...,Select...,Select...,Select...,,,,5/13/2020,,,,,,,,,,,,"â€‹Moderate hematoma around 7-8 o'clock due to drilling. Dira from 3-6 oclock.
",Item,BrainScience/IVS/Neurosurgery-Behavior/Lists/SWR 2018Present,2020-09-09,18514.0,2020-05-06,2020-02-29,67.0,193.0,126.0
17,522944,20200805,20200727.0,6,-999999.0,,,,28.0,22.7,0.85,1.1,0.66,1.83,0.0653571428571428,,,,,,,,,,,,,2298.0,522944HP+C Neuropixel style,Chelsea Nayan,5/6/2020,Josh Siegle,Severine,HP+C Neuropixel style,Ready for Feedback,102-02-004-10: BTV Observatory Visual Behavior,1805.0,5/4/2020,5/8/2020,Reverse (9pm to 9am),Yes,NeuropixelVisualBehaviorDevelopment,Brain Observatory Visual Behavior Neuropixel,C57BL6J,C57BL6J-522944,02-004-157-1805,Male,3/11/2020,SWS 4,22.9,25.9,1.5,5.0,1.5,Neuropixel-style headframe (0160-100-10/0160-200-36),Left,4.561,Select if applicable...,2.8,1.3,5mm,Yes,Select...,,,Select...,,,,Select...,,,,Select...,,,,Select...,,Select...,,Vivarium -80,Select...,,,,Select...,,,,,Select...,,Vivarium -80,Select...,,,,Select...,,,,,Complete,Severe,None,Anterior,Mild,None,Mild,Select...,Select...,Select...,Select...,Select...,Select...,,Select...,,,Select...,Select...,Select...,Select...,Select...,,,,5/13/2020,,,,,,,,,,,,"â€‹Coverslip placement is anterior. There is a tiny laceration in the middle of the window due to my dura probe. There is possible bruising around 7-8 o'clock from drilling. Around 2-7 o'clock there is dura/skull that wouldn't really tear off.Â 
",Item,BrainScience/IVS/Neurosurgery-Behavior/Lists/SWR 2018Present,2020-08-05,18479.0,2020-05-06,2020-03-11,56.0,147.0,91.0
18,524760,20200916,20200908.0,8,,,,,,,,,,,,,16-Sep,2.0,1.0,2.0,1.5,3.0,,,,,,2315.0,524760HP+C Neuropixel style,Robert Howard,5/13/2020,Josh Siegle,Severine,HP+C Neuropixel style,Ready for Feedback,102-02-004-10: BTV Observatory Visual Behavior,1805.0,5/11/2020,5/15/2020,Reverse (9pm to 9am),Yes,NeuropixelVisualBehaviorDevelopment,Brain Observatory Visual Behavior Neuropixel,C57BL6J (NP),C57BL6J (NP)-524760,02-004-164-1805,Female,3/21/2020,SWS 7,18.7,21.6,2.0,5.0,1.5,Neuropixel-style headframe (0160-100-10/0160-200-36),Left,4.121,Select if applicable...,2.8,1.3,5mm,Yes,Select...,,,Select...,,,,Select...,,,,Select...,,,,Select...,,Select...,,Vivarium -80,Select...,,,,Select...,,,,,Select...,,Vivarium -80,Select...,,,,Select...,,,,,Complete,Moderate,Mild,Central,None,Mild,None,Select...,Select...,Select...,Select...,Select...,Select...,,Select...,,,Select...,Select...,Select...,Select...,Select...,,,,5/20/2020,,,,,,,,,,,,,Item,BrainScience/IVS/Neurosurgery-Behavior/Lists/SWR 2018Present,2020-09-16,18521.0,2020-05-13,2020-03-21,53.0,179.0,126.0
19,524761,20200819,20200803.0,12,-999999.0,,,,22.13,20.2,0.85,0.57,0.43,1.0,0.0451875282422051,,19-Aug,1.0,1.0,1.0,1.0,2.0,,,,,,2316.0,524761HP+C Neuropixel style,Robert Howard,5/13/2020,Josh Siegle,Severine,HP+C Neuropixel style,Ready for Feedback,102-02-004-10: BTV Observatory Visual Behavior,1805.0,5/11/2020,5/15/2020,Reverse (9pm to 9am),Yes,NeuropixelVisualBehaviorDevelopment,Brain Observatory Visual Behavior Neuropixel,C57BL6J (NP),C57BL6J (NP)-524761,02-004-163-1805,Female,3/21/2020,SWS 7,19.0,21.7,2.0,5.0,1.5,Neuropixel-style headframe (0160-100-10/0160-200-36),Left,4.296,Select if applicable...,2.8,1.3,5mm,Yes,Select...,,,Select...,,,,Select...,,,,Select...,,,,Select...,,Select...,,Vivarium -80,Select...,,,,Select...,,,,,Select...,,Vivarium -80,Select...,,,,Select...,,,,,Complete,Mild,None,Central,None,None,None,Select...,Select...,Select...,Select...,Select...,Select...,,Select...,,,Select...,Select...,Select...,Select...,Select...,,,,5/20/2020,,,,,,,,,,,,,Item,BrainScience/IVS/Neurosurgery-Behavior/Lists/SWR 2018Present,2020-08-19,18493.0,2020-05-13,2020-03-21,53.0,151.0,98.0
20,524921,20200729,20200713.0,12,-999999.0,,,,26.4,21.65,0.85,0.79,0.655,1.39,0.0526515151515151,,,,,,,,,,,,,2317.0,524921HP+C Neuropixel style,Emily Gelfand,5/12/2020,Josh Siegle,Severine,HP+C Neuropixel style,Ready for Feedback,102-02-004-10: BTV Observatory Visual Behavior,1805.0,5/11/2020,5/15/2020,Reverse (9pm to 9am),Yes,NeuropixelVisualBehaviorDevelopment,Brain Observatory Visual Behavior Neuropixel,Sst-IRES-Cre;Ai32,Sst-IRES-Cre;Ai32-524921,02-004-160-1805,Male,3/21/2020,Select...,23.2,25.6,1.5,15.0,1.25,Neuropixel-style headframe (0160-100-10/0160-200-36),Left,4.137,Select if applicable...,2.8,1.3,5mm,Yes,Select...,,,Select...,,,,Select...,,,,Select...,,,,Select...,,Select...,,Vivarium -80,Select...,,,,Select...,,,,,Select...,,Vivarium -80,Select...,,,,Select...,,,,,Complete,Mild,Severe,Central,None,Moderate,Mild,Select...,Select...,Select...,Select...,Select...,Select...,,Select...,,,Select...,Select...,Select...,Select...,Select...,,,,5/19/2020,,,,,,,,,,,,â€‹Blood under coverslip from sinus bleed (due to drill damage). Did my best to complete durotomy. Hail Mary'd.,Item,BrainScience/IVS/Neurosurgery-Behavior/Lists/SWR 2018Present,2020-07-29,18472.0,2020-05-12,2020-03-21,52.0,130.0,78.0
21,524925,20200902,20200824.0,7,-999999.0,,,,21.83,18.9,0.85,0.16,0.86,1.0,0.0458085203847915,,2-Sep,1.0,0.0,1.0,0.5,1.0,,,,,,2319.0,524925HP+C Neuropixel style,Josh Wilkes,5/13/2020,Josh Siegle,Severine,HP+C Neuropixel style,Ready for Feedback,102-02-004-10: BTV Observatory Visual Behavior,1805.0,5/11/2020,5/15/2020,Reverse (9pm to 9am),Yes,NeuropixelVisualBehaviorDevelopment,Brain Observatory Visual Behavior Neuropixel,Sst-IRES-Cre;Ai32,Sst-IRES-Cre;Ai32-524925,02-004-161-1805,Female,3/21/2020,SWS 3,17.5,19.4,2.5,20.0,1.5,Neuropixel-style headframe (0160-100-10/0160-200-36),Left,,Select if applicable...,2.8,1.3,5mm,Yes,Select...,,,Select...,,,,Select...,,,,Select...,,,,Select...,,Select...,,Vivarium -80,Select...,,,,Select...,,,,,Select...,,Vivarium -80,Select...,,,,Select...,,,,,Complete,None,Severe,Central,None,Mild,None,Select...,Select...,Select...,Select...,Select...,Select...,,Select...,,,Select...,Select...,Select...,Select...,Select...,,,,5/20/2020,,,,,,,,,,,,"â€‹Extensive sinus bleed after pop. wire drilled off
",Item,BrainScience/IVS/Neurosurgery-Behavior/Lists/SWR 2018Present,2020-09-02,18507.0,2020-05-13,2020-03-21,53.0,165.0,112.0
22,524926,20200923,20200914.0,9,,,,,,,,,,,,,23-Sep,1.0,2.0,2.0,1.5,3.0,very dark spot under left hippo,,Seiz,,,2320.0,524926HP+C Neuropixel style,Josh Wilkes,5/13/2020,Josh Siegle,Severine,HP+C Neuropixel style,Ready for Feedback,102-02-004-10: BTV Observatory Visual Behavior,1805.0,5/11/2020,5/15/2020,Reverse (9pm to 9am),Yes,NeuropixelVisualBehaviorDevelopment,Brain Observatory Visual Behavior Neuropixel,Sst-IRES-Cre;Ai32,Sst-IRES-Cre;Ai32-524926,02-004-162-1805,Female,3/21/2020,SWS 3,19.0,20.2,2.5,20.0,1.5,Neuropixel-style headframe (0160-100-10/0160-200-36),Left,4.26,Select if applicable...,2.8,1.3,5mm,Yes,Select...,,,Select...,,,,Select...,,,,Select...,,,,Select...,,Select...,,Vivarium -80,Select...,,,,Select...,,,,,Select...,,Vivarium -80,Select...,,,,Select...,,,,,Complete,Moderate,Moderate,Central,None,None,None,Select...,Select...,Select...,Select...,Select...,Select...,,Select...,,,Select...,Select...,Select...,Select...,Select...,,,,5/20/2020,,,,,,,,,,,,"â€‹extensive sinus bleed after pop
",Item,BrainScience/IVS/Neurosurgery-Behavior/Lists/SWR 2018Present,2020-09-23,18528.0,2020-05-13,2020-03-21,53.0,186.0,133.0
23,527294,20200826,20200817.0,7,,,,,,,,,,,,,26-Aug,1.0,1.0,1.0,1.0,2.0,black spot under left hippo,,Seiz,,,2342.0,527294HP+C Neuropixel style,Kat North,5/20/2020,Josh Siegle,Severine,HP+C Neuropixel style,Ready for Feedback,102-02-004-10: BTV Observatory Visual Behavior,1805.0,5/18/2020,5/22/2020,Reverse (9pm to 9am),Yes,NeuropixelVisualBehaviorDevelopment,Brain Observatory Visual Behavior Neuropixel,Sst-IRES-Cre;Ai32,Sst-IRES-Cre;Ai32-527294,02-004-165-1805,Male,4/3/2020,SWS 1,22.9,25.7,2.0,10.0,1.5,Neuropixel-style headframe (0160-100-10/0160-200-36),Left,4.424,Select if applicable...,2.8,1.3,5mm,Yes,Select...,,,Select...,,,,Select...,,,,Select...,,,,Select...,,Select...,,Vivarium -80,Select...,,,,Select...,,,,,Select...,,Vivarium -80,Select...,,,,Select...,,,,,Complete,None,None,Central,None,None,None,Select...,Select...,Select...,Select...,Select...,Select...,,Select...,,,Select...,Select...,Select...,Select...,Select...,,,,5/27/2020,,,,,,,,,,,,"â€‹Surgery went well
",Item,BrainScience/IVS/Neurosurgery-Behavior/Lists/SWR 2018Present,2020-08-26,18500.0,2020-05-20,2020-04-03,47.0,145.0,98.0
24,527749,20200930,20200921.0,7,-999999.0,,,,28.17,22.575,0.85,1.365,0.47,1.835,0.0651402200922967,,30-Sep,1.0,0.0,1.0,0.5,1.0,,,,,,2385.0,527749HP+C Neuropixel style,Kat North,6/4/2020,Josh Siegle,Severine,HP+C Neuropixel style,Ready for Feedback,102-02-004-10: BTV Observatory Visual Behavior,1805.0,6/1/2020,6/5/2020,Reverse (9pm to 9am),Yes,NeuropixelVisualBehaviorDevelopment,Brain Observatory Visual Behavior Neuropixel,Sst-IRES-Cre;Ai32,Sst-IRES-Cre;Ai32-527749,02-004-169-1805,Male,4/4/2020,SWS 1,26.0,28.8,2.0,10.0,1.5,Neuropixel-style headframe (0160-100-10/0160-200-36),Left,4.477,Select if applicable...,2.8,1.3,5mm,Yes,Select...,,,Select...,,,,Select...,,,,Select...,,,,Select...,,Select...,,Vivarium -80,Select...,,,,Select...,,,,,Select...,,Vivarium -80,Select...,,,,Select...,,,,,Complete,None,None,Anterior,None,None,Mild,Select...,Select...,Select...,Select...,Select...,Select...,,Select...,,,Select...,Select...,Select...,Select...,Select...,,,,6/11/2020,,,,,,,,,,,,"â€‹
",Item,BrainScience/IVS/Neurosurgery-Behavior/Lists/SWR 2018Present,2020-09-30,18535.0,2020-06-04,2020-04-04,61.0,179.0,118.0
25,530862,20200923,20200914.0,10,-999999.0,,,,27.73,23.2,0.85,0.5,0.53,1.0,0.0360620266858997,,23-Sep,1.0,1.0,1.0,1.0,2.0,,,,,"â€‹
",2425.0,530862HP+C Neuropixel style,Josh Wilkes,6/16/2020,Josh Siegle,Severine,HP+C Neuropixel style,Ready for Feedback,102-02-004-10: BTV Observatory Visual Behavior,1805.0,6/15/2020,6/19/2020,Reverse (9pm to 9am),Yes,NeuropixelVisualBehaviorDevelopment,Brain Observatory Visual Behavior Neuropixel,Vip-IRES-Cre;Ai32,Vip-IRES-Cre;Ai32-530862,02-004-172-1805,Male,4/28/2020,SWS 3,23.1,25.4,1.5,15.0,1.5,Neuropixel-style headframe (0160-100-10/0160-200-36),Left,4.196,,2.8,1.3,5mm,Yes,Select...,,,Select...,,,,Select...,,,,Select...,,,,Select...,,Select...,,Vivarium -80,Select...,,,,Select...,,,,,Select...,,Vivarium -80,Select...,,,,Select...,,,,,Complete,Mild,None,Central,None,Moderate,Severe,Select...,Select...,Select...,Select...,Select...,Select...,,Select...,,,Select...,Select...,Select...,Select...,Select...,,,,6/23/2020,,,,,,,,,,,,"â€‹hematome at 12 position that occured during pop. Possible laceration that was not visualized occured during drilling at the 12 position. Mouse moved and fell after surgery while being transferred although recovered well.
",Item,BrainScience/IVS/Neurosurgery-Behavior/Lists/SWR 2018Present,2020-09-23,18528.0,2020-06-16,2020-04-28,49.0,148.0,99.0
26,531237,20201014,20200928.0,12,-999999.0,,,,24.37,19.8,0.85,0.94,0.06,1.0,0.0410340582683627,,14-Oct,0.0,2.0,2.0,1.0,2.0,dark area ,,Seiz,,"â€‹
",2444.0,531237HP+C Neuropixel style,Conor Grasso,6/22/2020,Josh Siegle,Severine,HP+C Neuropixel style,Ready for Feedback,102-02-004-10: BTV Observatory Visual Behavior,1805.0,6/22/2020,6/26/2020,Reverse (9pm to 9am),Yes,NeuropixelVisualBehaviorDevelopment,Brain Observatory Visual Behavior Neuropixel,C57BL6J(NP),C57BL6J(NP)-531237,02-004-175-1805,Female,5/2/2020,SWS 5,18.8,21.7,1.45,10.0,1.5,Neuropixel-style headframe (0160-100-10/0160-200-36),Left,4.349,,2.8,1.3,5mm,Yes,Select...,,,Select...,,,,Select...,,,,Select...,,,,Select...,,Select...,,Vivarium -80,Select...,,,,Select...,,,,,Select...,,Vivarium -80,Select...,,,,Select...,,,,,Complete,Moderate,None,Posterior,None,None,None,Select...,Select...,Select...,Select...,Select...,Select...,,Select...,,,Select...,Select...,Select...,Select...,Select...,,,,6/29/2020,,,,,,,,,,,,"MAJOR sinus in window (no bleed though), i placed the headframe well and thought i had the window centered well, but the entire sinus just about is in view. Kwik cast was very viscous today, i did the best i could but it looks sloppy, sorry.â€‹",Item,BrainScience/IVS/Neurosurgery-Behavior/Lists/SWR 2018Present,2020-10-14,18549.0,2020-06-22,2020-05-02,51.0,165.0,114.0
27,532246,20200930,20200921.0,7,-999999.0,,,,27.13,23.1,0.85,0.3,0.7,1.0,0.0368595650571323,,30-Sep,2.0,0.0,2.0,1.0,2.0,,,,,,2487.0,532246HP+C Neuropixel style,Jackie Swapp,7/6/2020,Josh Siegle,Severine,HP+C Neuropixel style,Ready for Feedback,102-02-004-10: BTV Observatory Visual Behavior,1805.0,7/6/2020,7/10/2020,Reverse (9pm to 9am),Yes,NeuropixelVisualBehaviorDevelopment,Brain Observatory Visual Behavior Neuropixel,Vip-IRES-Cre;Ai32,Vip-IRES-Cre;Ai32-532246,02-004-177-1805,Male,5/9/2020,SWS 1,24.1,26.6,2.0,10.0,1.5,Neuropixel-style headframe (0160-100-10/0160-200-36),Left,4.515,Select if applicable...,2.8,1.3,5mm,Yes,Select...,,,Select...,,,,Select...,,,,Select...,,,,Select...,,Select...,,Vivarium -80,Select...,,,,Select...,,,,,Select...,,Vivarium -80,Select...,,,,Select...,,,,,Complete,Mild,Mild,Central,None,None,None,Select...,Select...,Select...,Select...,Select...,Select...,,Select...,,,Select...,Select...,Select...,Select...,Select...,,,,7/13/2020,,,,,,,,,,,,"â€‹Coverslip is slightly slantedÂ 
",Item,BrainScience/IVS/Neurosurgery-Behavior/Lists/SWR 2018Present,2020-09-30,18535.0,2020-07-06,2020-05-09,58.0,144.0,86.0
28,533537,20201007,20200922.0,10,-999999.0,,,,26.67,21.8,0.85,0.87,0.47,1.19,0.0446194225721784,,6-Oct,1.0,2.0,2.0,1.5,3.0,,,,,,2488.0,533537HP+C Neuropixel style,Chelsea Nayan,7/6/2020,Josh Siegle,Severine,HP+C Neuropixel style,Ready for Feedback,102-02-004-10: BTV Observatory Visual Behavior,1805.0,7/6/2020,7/10/2020,Reverse (9pm to 9am),Yes,NeuropixelVisualBehaviorDevelopment,Brain Observatory Visual Behavior Neuropixel,C57BL6J,C57BL6J-533537,02-004-176-1805,Male,5/17/2020,SWS 4,25.0,27.5,1.5,7.0,1.5,Neuropixel-style headframe (0160-100-10/0160-200-36),Left,4.742,Select if applicable...,2.8,1.3,5mm,Yes,Select...,,,Select...,,,,Select...,,,,Select...,,,,Select...,,Select...,,Vivarium -80,Select...,,,,Select...,,,,,Select...,,Vivarium -80,Select...,,,,Select...,,,,,Complete,None,Severe,Central,None,None,None,Select...,Select...,Select...,Select...,Select...,Select...,,Select...,,,Select...,Select...,Select...,Select...,Select...,,,,7/13/2020,,,,,,,,,,,,"â€‹There was a severe sinus bleed due to skull removal, yet no swelling. There is dura from 2-7 o'clock due to vessels and I did not want to exacerbate the sinus any further. Recovery was swift.Â 
",Item,BrainScience/IVS/Neurosurgery-Behavior/Lists/SWR 2018Present,2020-10-07,18542.0,2020-07-06,2020-05-17,50.0,143.0,93.0
29,533539,20201007,20200928.0,5,-999999.0,,,,24.27,20.4,0.85,0.51,0.57,1.0,0.0412031314379892,,6-Oct,1.0,1.0,1.0,1.0,2.0,,,,,,2510.0,533539HP+C Neuropixel style,Conor Grasso,7/13/2020,Josh Siegle,Severine Durand,HP+C Neuropixel style,Ready for Feedback,102-02-004-10: BTV Observatory Visual Behavior,1805.0,7/13/2020,7/17/2020,Reverse (9pm to 9am),Yes,NeuropixelVisualBehaviorDevelopment,Brain Observatory Visual Behavior Neuropixel,C57BL6J(NP),C57BL6J(NP)-533539,,Female,5/17/2020,SWS 5,19.4,22.2,1.5,15.0,1.5,Neuropixel-style headframe (0160-100-10/0160-200-36),Left,4.4,Select if applicable...,2.8,1.3,5mm,Yes,Select...,,,Select...,,,,Select...,,,,Select...,,,,Select...,,Select...,,Vivarium -80,Select...,,,,Select...,,,,,Select...,,Vivarium -80,Select...,,,,Select...,,,,,Complete,None,None,Central,None,None,None,Select...,Select...,Select...,Select...,Select...,Select...,,Select...,,,Select...,Select...,Select...,Select...,Select...,,,,7/20/2020,,,,,,,,,,,,"looks great, if you ignore my kwik cast jobâ€‹",Item,BrainScience/IVS/Neurosurgery-Behavior/Lists/SWR 2018Present,2020-10-07,18542.0,2020-07-13,2020-05-17,57.0,143.0,86.0
30,536211,20201028,20201020.0,6,-999999.0,,,,26.27,21.7,0.85,0.63,0.94,1.5699999999999998,0.0597639893414541,,28-Oct,1.0,1.0,1.0,1.0,2.0,"hole, dark spot ",,,,,2545.0,536211HP+C Neuropixel style,Conor Grasso,7/28/2020,Josh Siegle,Severine,HP+C Neuropixel style,Ready for Feedback,102-02-004-10: BTV Observatory Visual Behavior,1805.0,7/27/2020,7/31/2020,Reverse (9pm to 9am),Yes,NeuropixelVisualBehaviorDevelopment,Brain Observatory Visual Behavior Neuropixel,Vip-IRES-Cre;Ai32,Vip-IRES-Cre;Ai32-536211,02-004-181-1805,Male,6/1/2020,SWS 5,22.8,25.6,1.25,10.0,1.5,Neuropixel-style headframe (0160-100-10/0160-200-36),Left,4.286,Select if applicable...,2.8,1.3,5mm,Yes,Select...,,,Select...,,,,Select...,,,,Select...,,,,Select...,,Select...,,Vivarium -80,Select...,,,,Select...,,,,,Select...,,Vivarium -80,Select...,,,,Select...,,,,,Complete,Mild,None,Central,None,Mild,None,Select...,Select...,Select...,Select...,Select...,Select...,,Select...,,,Select...,Select...,Select...,Select...,Select...,,,,8/4/2020,,,,,,,,,,,,"very smooth surgery, even the mouse was well behaved before going under. Some mild hematomas on the 7oclock edge and medial edge and a slow bleed from the dura caused some blood to be present in the window but should reabsorbâ€‹",Item,BrainScience/IVS/Neurosurgery-Behavior/Lists/SWR 2018Present,2020-10-28,18563.0,2020-07-28,2020-06-01,57.0,149.0,92.0
31,536213,20201104,20201026.0,7,-999999.0,,,,22.67,19.3,0.85,0.36,0.64,1.0,0.0441111601235112,,4-Nov,1.0,0.0,1.0,0.5,1.0,"bruising in cortex, enlarged hippo",,Seiz,,,2546.0,536213HP+C Neuropixel style,Kat North,7/28/2020,Josh Siegle,Severine,HP+C Neuropixel style,Ready for Feedback,102-02-004-10: BTV Observatory Visual Behavior,1805.0,7/27/2020,7/31/2020,Reverse (9pm to 9am),Yes,NeuropixelVisualBehaviorDevelopment,Brain Observatory Visual Behavior Neuropixel,Vip-IRES-Cre;Ai32,Vip-IRES-Cre;Ai32-536213,02-004-180-1805,Female,6/1/2020,SWS 1,18.8,21.3,1.5,10.0,1.5,Neuropixel-style headframe (0160-100-10/0160-200-36),Left,4.273,Select if applicable...,2.8,1.3,5mm,Yes,Select...,,,Select...,,,,Select...,,,,Select...,,,,Select...,,Select...,,Vivarium -80,Select...,,,,Select...,,,,,Select...,,Vivarium -80,Select...,,,,Select...,,,,,Complete,Mild,None,Central,None,Mild,Mild,Select...,Select...,Select...,Select...,Select...,Select...,,Select...,,,Select...,Select...,Select...,Select...,Select...,,,,8/4/2020,,,,,,,,,,,,"â€‹Drill damage 7-10 oclockÂ 
",Item,BrainScience/IVS/Neurosurgery-Behavior/Lists/SWR 2018Present,2020-11-04,18570.0,2020-07-28,2020-06-01,57.0,156.0,99.0
32,536480,20201118,20201102.0,11,-999999.0,,,,28.03,23.3,0.85,0.53,0.6799999999999999,1.225,0.0437031751694612,,23-Nov,1.0,1.0,1.0,1.0,2.0,"artifact, but maybe damaged ",,,,,2566.0,536480HP+C Neuropixel style,Josh Wilkes,8/3/2020,Josh Siegle,Severine,HP+C Neuropixel style,Ready for Feedback,102-02-004-10: BTV Observatory Visual Behavior,1805.0,8/3/2020,8/7/2020,Reverse (9pm to 9am),Yes,NeuropixelVisualBehaviorDevelopment,Brain Observatory Visual Behavior Neuropixel,Vip-IRES-Cre;Ai32,Vip-IRES-Cre;Ai32-536480,02-004-182-1805,Male,6/2/2020,SWS 3,25.5,26.7,2.0,15.0,1.5,Neuropixel-style headframe (0160-100-10/0160-200-36),Left,4.66,,2.8,1.3,5mm,Yes,Select...,,,Select...,,,,Select...,,,,Select...,,,,Select...,,Select...,,Vivarium -80,Select...,,,,Select...,,,,,Select...,,Vivarium -80,Select...,,,,Select...,,,,,Complete,None,None,Central,None,Mild,None,Select...,Select...,Select...,Select...,Select...,Select...,,Select...,,,Select...,Select...,Select...,Select...,Select...,,,,8/10/2020,,,,,,,,,,,,hematoma at 7 position caused during popâ€‹,Item,BrainScience/IVS/Neurosurgery-Behavior/Lists/SWR 2018Present,2020-11-18,18584.0,2020-08-03,2020-06-02,62.0,169.0,107.0
33,540536,20201222,20201214.0,6,-999999.0,,,,29.33,25.15,0.85,0.425,0.575,1.0,0.0340947834981247,,5-Jan,2.0,1.0,2.0,1.5,3.0,bruising and blob in thalamus,,Seiz,,,2588.0,540536HP+C Neuropixel style,Josh Wilkes,8/12/2020,Josh Siegle,Severine,HP+C Neuropixel style,Ready for Feedback,102-02-004-10: BTV Observatory Visual Behavior,1805.0,8/10/2020,8/14/2020,Reverse (9pm to 9am),Yes,NeuropixelVisualBehaviorDevelopment,Brain Observatory Visual Behavior Neuropixel,Vip-IRES-Cre;Ai32,Vip-IRES-Cre;Ai32-540536,02-004-185-1805,Male,6/25/2020,SWS 3,26.0,28.1,2.5,15.0,1.5,Neuropixel-style headframe (0160-100-10/0160-200-36),Left,4.251,Select if applicable...,2.8,1.3,5mm,Yes,Select...,,,Select...,,,,Select...,,,,Select...,,,,Select...,,Select...,,Vivarium -80,Select...,,,,Select...,,,,,Select...,,Vivarium -80,Select...,,,,Select...,,,,,Complete,None,Mild,Central,Mild,Moderate,None,Select...,Select...,Select...,Select...,Select...,Select...,,Select...,,,Select...,Select...,Select...,Select...,Select...,,,,8/19/2020,,,,,,,,,,,,"â€‹damage seen at 7 position that occured during drillingÂ 
",Item,BrainScience/IVS/Neurosurgery-Behavior/Lists/SWR 2018Present,2020-12-22,18618.0,2020-08-12,2020-06-25,48.0,180.0,132.0
34,541234,20201111,20201026.0,11,-999999.0,,,,26.33,21.8,0.85,0.58,0.8,1.38,0.052411697683251,,11-Nov,1.0,0.0,1.0,0.5,1.0,,,,,"â€‹
",2608.0,541234HP+C Neuropixel style,Jackie Swapp,8/19/2020,Josh Siegle,Severine Durand,HP+C Neuropixel style,Ready for Feedback,102-02-004-10: BTV Observatory Visual Behavior,1805.0,8/17/2020,8/21/2020,Reverse (9pm to 9am),Yes,NeuropixelVisualBehaviorDevelopment,Brain Observatory Visual Behavior Neuropixel,C57BL6J(NP),C57BL6J(NP)-541234,02-004-191-1805,Male,7/1/2020,SWS 1,20.3,23.2,2.0,10.0,1.5,Neuropixel-style headframe (0160-100-10/0160-200-36),Left,4.459,Select if applicable...,2.8,1.3,5mm,Yes,Select...,,,Select...,,,,Select...,,,,Select...,,,,Select...,,Select...,,Vivarium -80,Select...,,,,Select...,,,,,Select...,,Vivarium -80,Select...,,,,Select...,,,,,Complete,None,None,Central,Mild,None,None,Select...,Select...,Select...,Select...,Select...,Select...,,Select...,,,Select...,Select...,Select...,Select...,Select...,,,,8/26/2020,,,,,,,,,,,,"â€‹Mild bruising 7-9. Animal received pre-op injections 8/18, not 8/19, I didn't notice the date change. No dex given before surgery
",Item,BrainScience/IVS/Neurosurgery-Behavior/Lists/SWR 2018Present,2020-11-11,18577.0,2020-08-19,2020-07-01,49.0,133.0,84.0
35,542072,20201111,20201102.0,7,,,,,,,,,,,,,,,,,,,,,,,,2641.0,542072HP+C Neuropixel style,Jackie Swapp,9/1/2020,Josh Siegle,Severine Durand,HP+C Neuropixel style,Ready for Feedback,102-02-004-10: BTV Observatory Visual Behavior,1805.0,8/31/2020,9/4/2020,Reverse (9pm to 9am),Yes,NeuropixelVisualBehaviorDevelopment,Brain Observatory Visual Behavior Neuropixel,C57BL6J(NP),C57BL6J(NP)-542072,02-004-196-1805,Male,7/8/2020,SWS 1,20.9,23.7,1.75,10.0,1.5,Neuropixel-style headframe (0160-100-10/0160-200-36),Left,4.364,Select if applicable...,2.8,1.3,5mm,Yes,Select...,,,Select...,,,,Select...,,,,Select...,,,,Select...,,Select...,,Vivarium -80,Select...,,,,Select...,,,,,Select...,,Vivarium -80,Select...,,,,Select...,,,,,Complete,None,Mild,Central,None,None,Mild,Select...,Select...,Select...,Select...,Select...,Select...,,Select...,,,Select...,Select...,Select...,Select...,Select...,,,,9/8/2020,,,,,,,,,,,,"â€‹Teeny bit of drill damage at 1-2 oclockÂ 
",Item,BrainScience/IVS/Neurosurgery-Behavior/Lists/SWR 2018Present,2020-11-11,18577.0,2020-09-01,2020-07-08,55.0,126.0,71.0
36,544358,20201123,20201116.0,5,-999999.0,,,,22.73,18.6,0.85,0.72,0.67,1.34,0.0589529256489221,,7-Dec,2.0,0.0,2.0,1.0,2.0,,,,,,2679.0,544358HP+C Neuropixel style,Josh Wilkes,9/14/2020,Josh Siegle,Severine,HP+C Neuropixel style,Ready for Feedback,102-02-004-10: BTV Observatory Visual Behavior,1805.0,9/14/2020,9/18/2020,Reverse (9pm to 9am),Yes,NeuropixelVisualBehaviorDevelopment,Brain Observatory Visual Behavior Neuropixel,Sst-IRES-Cre;Ai32,Sst-IRES-Cre;Ai32-544358,02-004-201-1805,Female,7/21/2020,SWS 3,17.5,20.1,2.0,15.0,1.5,Neuropixel-style headframe (0160-100-10/0160-200-36),Left,4.403,Select if applicable...,2.8,1.3,5mm,Yes,Select...,,,Select...,,,,Select...,,,,Select...,,,,Select...,,Select...,,Vivarium -80,Select...,,,,Select...,,,,,Select...,,Vivarium -80,Select...,,,,Select...,,,,,Complete,None,Mild,Central,Mild,None,None,Select...,Select...,Select...,Select...,Select...,Select...,,Select...,,,Select...,Select...,Select...,Select...,Select...,,,,9/21/2020,,,,,,,,,,,,"â€‹mild contusion of 8 position
",Item,BrainScience/IVS/Neurosurgery-Behavior/Lists/SWR 2018Present,2020-11-23,18589.0,2020-09-14,2020-07-21,55.0,125.0,70.0
37,544456,20201118,20201109.0,7,-999999.0,,,,25.23,21.1,0.85,0.75,0.34,1.0,0.0396353547364248,,23-Nov,1.0,0.0,1.0,0.5,1.0,,,,,,2700.0,544456HP+C Neuropixel style,Emily Gelfand,9/21/2020,Josh Siegle,Severine,HP+C Neuropixel style,Ready for Feedback,102-02-004-10: BTV Observatory Visual Behavior,1805.0,9/21/2020,9/25/2020,Reverse (9pm to 9am),Yes,NeuropixelVisualBehaviorDevelopment,Brain Observatory Visual Behavior Neuropixel,Sst-IRES-Cre;Ai32,Sst-IRES-Cre;Ai32-544456,02-004-208-1805,Male,7/22/2020,SWS 3,24.0,27.0,1.2,20.0,1.5,Neuropixel-style headframe (0160-100-10/0160-200-36),Left,4.406,Select if applicable...,2.8,1.3,5mm,Yes,Select...,,,Select...,,,,Select...,,,,Select...,,,,Select...,,Select...,,Vivarium -80,Select...,,,,Select...,,,,,Select...,,Vivarium -80,Select...,,,,Select...,,,,,Complete,None,Mild,Central,None,None,None,Select...,Select...,Select...,Select...,Select...,Select...,,Select...,,,Select...,Select...,Select...,Select...,Select...,,,,9/28/2020,,,,,,,,,,,,"â€‹Mouse had super narrow skull, moved headpost +2 M/L to avoid having headpost hang off side of head.
",Item,BrainScience/IVS/Neurosurgery-Behavior/Lists/SWR 2018Present,2020-11-18,18584.0,2020-09-21,2020-07-22,61.0,119.0,58.0
38,544835,20201216,20201207.0,8,-999999.0,,,,28.63,23.6,0.85,0.74,0.57,1.24,0.0433112120153684,,21-Dec,0.0,0.0,0.0,0.0,0.0,weird blob in thalamus,,Seiz,,,2702.0,544835HP+C Neuropixel style,Emily Gelfand,9/21/2020,Josh Siegle,Severine,HP+C Neuropixel style,Ready for Feedback,102-02-004-10: BTV Observatory Visual Behavior,1805.0,9/21/2020,9/25/2020,Reverse (9pm to 9am),Yes,NeuropixelVisualBehaviorDevelopment,Brain Observatory Visual Behavior Neuropixel,C57BL6J(NP),C57BL6J(NP)-544835,02-004-211-1805,Male,7/24/2020,SWS 3,26.3,29.3,1.5,15.0,1.5,Neuropixel-style headframe (0160-100-10/0160-200-36),Left,4.654,Select if applicable...,2.8,1.3,5mm,Yes,Select...,,,Select...,,,,Select...,,,,Select...,,,,Select...,,Select...,,Vivarium -80,Select...,,,,Select...,,,,,Select...,,Vivarium -80,Select...,,,,Select...,,,,,Complete,Moderate,Mild,Central,None,Mild,None,Select...,Select...,Select...,Select...,Select...,Select...,,Select...,,,Select...,Select...,Select...,Select...,Select...,,,,9/28/2020,,,,,,,,,,,,"â€‹blood got under pia during pop
",Item,BrainScience/IVS/Neurosurgery-Behavior/Lists/SWR 2018Present,2020-12-16,18612.0,2020-09-21,2020-07-24,59.0,145.0,86.0
39,544836,20201202,20201123.0,5,-999999.0,,,,27.87,22.6,0.85,1.09,0.64,1.7000000000000002,0.0609974883387154,,8-Dec,1.0,0.0,1.0,0.5,1.0,,,,,,2704.0,544836HP+C Neuropixel style,Conor Grasso,9/21/2020,Josh Siegle,Severine,HP+C Neuropixel style,Ready for Feedback,102-02-004-10: BTV Observatory Visual Behavior,1805.0,9/21/2020,9/25/2020,Reverse (9pm to 9am),Yes,NeuropixelVisualBehaviorDevelopment,Brain Observatory Visual Behavior Neuropixel,C57BL6J(NP),C57BL6J(NP)-544836,02-004-209-1805,Male,7/24/2020,SWS 5,25.8,28.4,2.0,20.0,1.5,Neuropixel-style headframe (0160-100-10/0160-200-36),Left,4.541,Select if applicable...,2.8,1.3,5mm,Yes,Select...,,,Select...,,,,Select...,,,,Select...,,,,Select...,,Select...,,Vivarium -80,Select...,,,,Select...,,,,,Select...,,Vivarium -80,Select...,,,,Select...,,,,,Complete,Mild,Mild,Central,Mild,None,Mild,Select...,Select...,Select...,Select...,Select...,Select...,,Select...,,,Select...,Select...,Select...,Select...,Select...,,,,9/28/2020,,,,,,,,,,,,"Mild contusion on the left side of the window from removing the skull cap (part of it hinged downward compressing the brain) but the damage looked fairly mild and was at the edge of the window, not too visable. A very small spot in the center of the window is a laceration from the durotomyâ€‹",Item,BrainScience/IVS/Neurosurgery-Behavior/Lists/SWR 2018Present,2020-12-02,18598.0,2020-09-21,2020-07-24,59.0,131.0,72.0
40,544837,20201209,20201123.0,11,-999999.0,,,,28.07,23.2,0.85,0.66,0.59,1.3050000000000002,0.0464909155682223,,16-Dec,0.0,2.0,2.0,1.0,2.0,bruising under the hippo,,,,,2706.0,544837HP+C Neuropixel style,Conor Grasso,9/22/2020,Josh Siegle,Severine,HP+C Neuropixel style,Ready for Feedback,102-02-004-10: BTV Observatory Visual Behavior,1805.0,9/21/2020,9/25/2020,Reverse (9pm to 9am),Yes,NeuropixelVisualBehaviorDevelopment,Brain Observatory Visual Behavior Neuropixel,C57BL6J(NP),C57BL6J(NP)-544837,02-004-216-1805,Male,7/24/2020,SWS 5,25.9,28.9,1.67,,1.25,Neuropixel-style headframe (0160-100-10/0160-200-36),Left,4.71,Select if applicable...,2.8,1.3,5mm,Yes,Select...,,,Select...,,,,Select...,,,,Select...,,,,Select...,,Select...,,Vivarium -80,Select...,,,,Select...,,,,,Select...,,Vivarium -80,Select...,,,,Select...,,,,,Complete,Mild,Mild,Central,None,Mild,None,Select...,Select...,Select...,Select...,Select...,Select...,,Select...,,,Select...,Select...,Select...,Select...,Select...,,,,9/29/2020,,,,,,,,,,,,"Mild hematoma at about 2oClock, Bloody dura over the 4/5oClock area i couldnt remove due to a connection to a vesselâ€‹",Item,BrainScience/IVS/Neurosurgery-Behavior/Lists/SWR 2018Present,2020-12-09,18605.0,2020-09-22,2020-07-24,60.0,138.0,78.0
41,544838,20201123,20201109.0,8,-999999.0,,,,27.17,22.0,0.85,1.09,0.5,1.61,0.0592565329407434,,7-Dec,2.0,0.0,2.0,1.0,2.0,,,,,,2708.0,544838HP+C Neuropixel style,Josh Wilkes,9/21/2020,Josh Siegle,Severine,HP+C Neuropixel style,Ready for Feedback,102-02-004-10: BTV Observatory Visual Behavior,1805.0,9/21/2020,9/25/2020,Reverse (9pm to 9am),Yes,NeuropixelVisualBehaviorDevelopment,Brain Observatory Visual Behavior Neuropixel,C57BL6J(NP),C57BL6J(NP)-544838,02-004-210-1805,Male,2/24/2020,SWS 3,24.0,26.2,1.5,25.0,1.5,Neuropixel-style headframe (0160-100-10/0160-200-36),Left,4.6607,Select if applicable...,2.8,1.3,5mm,Yes,Select...,,,Select...,,,,Select...,,,,Select...,,,,Select...,,Select...,,Vivarium -80,Select...,,,,Select...,,,,,Select...,,Vivarium -80,Select...,,,,Select...,,,,,Complete,Mild,None,Central,Mild,Moderate,None,Select...,Select...,Select...,Select...,Select...,Select...,,Select...,,,Select...,Select...,Select...,Select...,Select...,,,,9/28/2020,,,,,,,,,,,,hematoma at 7 position caused during popâ€‹,Item,BrainScience/IVS/Neurosurgery-Behavior/Lists/SWR 2018Present,2020-11-23,18589.0,2020-09-21,2020-02-24,210.0,273.0,63.0
42,544840,20210108,20210108.0,1,,,,,,,,,,,,,,,,,,,,,,,,,,,,,,,,,,,,,,,,,,,,,,,,,,,,,,,,,,,,,,,,,,,,,,,,,,,,,,,,,,,,,,,,,,,,,,,,,,,,,,,,,,,,,,,,,,,,,,,,,,,,,,,,,,,,,,,,,,,,2021-01-08,18635.0,,,,,
43,545994,20201209,20201130.0,8,-999999.0,,,,28.97,23.25,0.85,1.37,0.55,1.93,0.0666206420434932,,16-Dec,0.0,0.0,0.0,0.0,0.0,"1 bubble in ventricule, not big",,Seiz,,,2698.0,545994HP+C Neuropixel style,Jackie Swapp,9/21/2020,Josh Siegle,Severine,HP+C Neuropixel style,Ready for Feedback,102-02-004-10: BTV Observatory Visual Behavior,1805.0,9/21/2020,9/25/2020,Reverse (9pm to 9am),Yes,NeuropixelVisualBehaviorDevelopment,Brain Observatory Visual Behavior Neuropixel,Sst-IRES-Cre;Ai32,Sst-IRES-Cre;Ai32-545994,02-004-319-1706,Male,8/1/2020,SWS 1,27.0,30.2,1.75,10.0,1.5,Neuropixel-style headframe (0160-100-10/0160-200-36),Left,4.174,Select if applicable...,2.8,1.3,5mm,Yes,Select...,,,Select...,,,,Select...,,,,Select...,,,,Select...,,Select...,,Vivarium -80,Select...,,,,Select...,,,,,Select...,,Vivarium -80,Select...,,,,Select...,,,,,Complete,Mild,Mild,Central,None,None,None,Select...,Select...,Select...,Select...,Select...,Select...,,Select...,,,Select...,Select...,Select...,Select...,Select...,,,,9/28/2020,,,,,,,,,,,,"â€‹Left some dura at 1 and 3, large vessels were super attached.
",Item,BrainScience/IVS/Neurosurgery-Behavior/Lists/SWR 2018Present,2020-12-09,18605.0,2020-09-21,2020-08-01,51.0,130.0,79.0
44,545996,20210120,20201221.0,15,-999999.0,,,,21.7,20.0,0.85,0.59,0.41,1.0,0.0460829493087557,,26-Jan,1.0,2.0,2.0,1.5,3.0,Cortex bruising + hippo enlarged,,Seiz,,,2729.0,545996HP+C Neuropixel style,Josh Wilkes,9/28/2020,Josh Siegle,Severine,HP+C Neuropixel style,Ready for Feedback,102-02-004-10: BTV Observatory Visual Behavior,1805.0,9/28/2020,10/2/2020,Reverse (9pm to 9am),Yes,NeuropixelVisualBehaviorDevelopment,Brain Observatory Visual Behavior Neuropixel,Sst-IRES-Cre;Ai32,Sst-IRES-Cre;Ai32-545996,02-004-224-1805,Female,8/1/2020,SWS 3,20.0,22.3,25.0,25.0,1.5,Neuropixel-style headframe (0160-100-10/0160-200-36),Left,4.667,Select if applicable...,2.8,1.3,5mm,Yes,Select...,,,Select...,,,,Select...,,,,Select...,,,,Select...,,Select...,,Vivarium -80,Select...,,,,Select...,,,,,Select...,,Vivarium -80,Select...,,,,Select...,,,,,Complete,Moderate,None,Central,Mild,Moderate,Mild,Select...,Select...,Select...,Select...,Select...,Select...,,Select...,,,Select...,Select...,Select...,Select...,Select...,,,,10/5/2020,,,,,,,,,,,,"â€‹moderate hematoma at the 7 position
",Item,BrainScience/IVS/Neurosurgery-Behavior/Lists/SWR 2018Present,2021-01-20,18647.0,2020-09-28,2020-08-01,58.0,172.0,114.0
45,546503,20210113,20210105.0,5,-999999.0,,,,25.07,21.25,0.85,0.355,0.645,1.0,0.0398883127243717,,19-Jan,1.0,1.0,1.0,1.0,2.0,bruising in hippo,,Seiz,,,2709.0,546503HP+C Neuropixel style,Josh Wilkes,9/22/2020,Josh Siegle,Severine,HP+C Neuropixel style,Ready for Feedback,102-02-004-10: BTV Observatory Visual Behavior,1805.0,9/21/2020,9/25/2020,Reverse (9pm to 9am),Yes,NeuropixelVisualBehaviorDevelopment,Brain Observatory Visual Behavior Neuropixel,Vip-IRES-Cre;Ai32,Vip-IRES-Cre;Ai32-546503,02-004-213-1805,Male,8/5/2020,SWS 3,22.5,24.7,2.0,25.0,1.5,Neuropixel-style headframe (0160-100-10/0160-200-36),Left,4.66,Select if applicable...,2.8,1.3,5mm,Yes,Select...,,,Select...,,,,Select...,,,,Select...,,,,Select...,,Select...,,Vivarium -80,Select...,,,,Select...,,,,,Select...,,Vivarium -80,Select...,,,,Select...,,,,,Complete,Mild,None,Central,None,Moderate,None,Select...,Select...,Select...,Select...,Select...,Select...,,Select...,,,Select...,Select...,Select...,Select...,Select...,,,,9/29/2020,,,,,,,,,,,,hematoma and drill damage at 7 positionâ€‹,Item,BrainScience/IVS/Neurosurgery-Behavior/Lists/SWR 2018Present,2021-01-13,18640.0,2020-09-22,2020-08-05,48.0,161.0,113.0
46,546507,20201222,20201214.0,6,-999999.0,,,,21.8,19.15,0.85,0.365,0.635,1.0,0.0458715596330275,,5-Jan,0.0,2.0,2.0,1.0,2.0,lots of bruising,,,,,2730.0,546507HP+C Neuropixel style,Josh Wilkes,9/29/2020,Josh Siegle,Severine,HP+C Neuropixel style,Ready for Feedback,102-02-004-10: BTV Observatory Visual Behavior,1805.0,9/28/2020,10/2/2020,Reverse (9pm to 9am),Yes,NeuropixelVisualBehaviorDevelopment,Brain Observatory Visual Behavior Neuropixel,Vip-IRES-Cre;Ai32,Vip-IRES-Cre;Ai32-546507,02-004-225-1805,Female,8/5/2020,SWS 3,19.0,20.7,2.0,20.0,1.5,Neuropixel-style headframe (0160-100-10/0160-200-36),Left,4.55,Select if applicable...,2.8,1.3,5mm,Yes,Select...,,,Select...,,,,Select...,,,,Select...,,,,Select...,,Select...,,Vivarium -80,Select...,,,,Select...,,,,,Select...,,Vivarium -80,Select...,,,,Select...,,,,,Complete,None,None,Central,None,None,Moderate,Select...,Select...,Select...,Select...,Select...,Select...,,Select...,,,Select...,Select...,Select...,Select...,Select...,,,,10/6/2020,,,,,,,,,,,,"â€‹damage at 7 position from pop
",Item,BrainScience/IVS/Neurosurgery-Behavior/Lists/SWR 2018Present,2020-12-22,18618.0,2020-09-29,2020-08-05,55.0,139.0,84.0
47,546508,20210127,20210119.0,5,-999999.0,,,,22.33,19.9,0.85,0.455,0.545,1.0,0.044782803403493,,2-Feb,1.0,2.0,2.0,1.5,3.0,Cortex bruising + hippo enlarged,,Seiz,,,2731.0,546508HP+C Neuropixel style,Tye Johnson,9/28/2020,Josh Siegle,Severine,HP+C Neuropixel style,Ready for Feedback,102-02-004-10: BTV Observatory Visual Behavior,1805.0,9/28/2020,10/2/2020,Reverse (9pm to 9am),Yes,NeuropixelVisualBehaviorDevelopment,Brain Observatory Visual Behavior Neuropixel,Vip-IRES-Cre;Ai32,Vip-IRES-Cre;Ai32-546508,02-004-223-1805,Female,8/5/2020,SWS 5,18.6,21.4,4.5,30.0,1.25,Neuropixel-style headframe (0160-100-10/0160-200-36),Left,4.336,Select if applicable...,2.8,1.3,5mm,Yes,Select...,,,Select...,,,,Select...,,,,Select...,,,,Select...,,Select...,,Vivarium -80,Select...,,,,Select...,,,,,Select...,,Vivarium -80,Select...,,,,Select...,,,,,Complete,Moderate,Mild,Central,None,Mild,Severe,Select...,Select...,Select...,Select...,Select...,Select...,,Select...,,,Select...,Select...,Select...,Select...,Select...,,,,10/5/2020,,,,,,,,,,,,"â€‹8-9 lacteration caused by acsf needle.

Kwik-cast not drying, lightly metabonded so Kat can look at it tomorrow (9/29)
",Item,BrainScience/IVS/Neurosurgery-Behavior/Lists/SWR 2018Present,2021-01-27,18654.0,2020-09-28,2020-08-05,54.0,175.0,121.0
48,546512,20201202,20201116.0,8,-999999.0,,,,26.57,22.1,0.85,0.48,0.56,1.04,0.0391418893488897,,8-Dec,1.0,0.0,1.0,0.5,1.0,1 bubble in ventricule and a bit of black under hippo,,Seiz,,,2734.0,546512HP+C Neuropixel style,Conor Grasso,9/28/2020,Josh Siegle,Severine,HP+C Neuropixel style,Ready for Feedback,102-02-004-10: BTV Observatory Visual Behavior,1805.0,9/28/2020,10/2/2020,Reverse (9pm to 9am),Yes,NeuropixelVisualBehaviorDevelopment,Brain Observatory Visual Behavior Neuropixel,Vip-IRES-Cre;Ai32,Vip-IRES-Cre;Ai32-546512,02-004-222-1805,Male,8/5/2020,SWS 5,25.4,28.1,1.5,20.0,1.5,Neuropixel-style headframe (0160-100-10/0160-200-36),Left,4.114,Select if applicable...,2.8,1.3,5mm,Yes,Select...,,,Select...,,,,Select...,,,,Select...,,,,Select...,,Select...,,Vivarium -80,Select...,,,,Select...,,,,,Select...,,Vivarium -80,Select...,,,,Select...,,,,,Complete,Mild,None,Central,None,Mild,None,Select...,Select...,Select...,Select...,Select...,Select...,,Select...,,,Select...,Select...,Select...,Select...,Select...,,,,10/5/2020,,,,,,,,,,,,"Mild hematoma at the lateral edge of the window.
",Item,BrainScience/IVS/Neurosurgery-Behavior/Lists/SWR 2018Present,2020-12-02,18598.0,2020-09-28,2020-08-05,54.0,119.0,65.0
49,547866,20210210,20210201.0,7,-999999.0,,,,24.23,20.3,0.85,0.3,0.77,1.105,0.045604622368964,,,,,,,,,,,,,2746.0,547866HP+C Neuropixel style,Tye Johnson,10/6/2020,Josh Siegle,Severine,HP+C Neuropixel style,Ready for Feedback,102-02-004-10: BTV Observatory Visual Behavior,1805.0,10/5/2020,10/9/2020,Reverse (9pm to 9am),Yes,NeuropixelVisualBehaviorDevelopment,Brain Observatory Visual Behavior Neuropixel,Vip-IRES-Cre;Ai32,Vip-IRES-Cre;Ai32-547866,02-004-231-1805,Female,8/5/2020,SWS 5,19.0,21.6,3.9,10.0,1.75,Neuropixel-style headframe (0160-100-10/0160-200-36),Left,4.77,Select if applicable...,2.8,1.3,5mm,Yes,Select...,,,Select...,,,,Select...,,,,Select...,,,,Select...,,Select...,,Vivarium -80,Select...,,,,Select...,,,,,Select...,,Vivarium -80,Select...,,,,Select...,,,,,Complete,Moderate,Mild,Medial,Mild,Mild,None,Select...,Select...,Select...,Select...,Select...,Select...,,Select...,,,Select...,Select...,Select...,Select...,Select...,,,,10/13/2020,,,,,,,,,,,,"â€‹Had to recoverslipÂ 
",Item,BrainScience/IVS/Neurosurgery-Behavior/Lists/SWR 2018Present,2021-02-10,18668.0,2020-10-06,2020-08-05,62.0,189.0,127.0
50,548465,20201216,20201207.0,9,,,,,,,,,,,,,21-Dec,2.0,0.0,2.0,1.0,2.0,,,,,,2739.0,548465HP+C Neuropixel style,Robert Howard,9/28/2020,Josh Siegle,Severine,HP+C Neuropixel style,Ready for Feedback,102-02-004-10: BTV Observatory Visual Behavior,1805.0,9/28/2020,10/2/2020,Reverse (9pm to 9am),Yes,NeuropixelVisualBehaviorDevelopment,Brain Observatory Visual Behavior Neuropixel,C57BL6J,C57BL6J-548465,,Select...,,SWS 7,,,,,Select...,Neuropixel-style headframe (0160-100-10/0160-200-36),Left,,Select if applicable...,2.8,1.3,5mm,Yes,Select...,,,Select...,,,,Select...,,,,Select...,,,,Select...,,Select...,,Vivarium -80,Select...,,,,Select...,,,,,Select...,,Vivarium -80,Select...,,,,Select...,,,,,Complete,None,None,Central,None,None,None,Select...,Select...,Select...,Select...,Select...,Select...,,Select...,,,Select...,Select...,Select...,Select...,Select...,,,,10/5/2020,,,,,,,,,,,,,Item,BrainScience/IVS/Neurosurgery-Behavior/Lists/SWR 2018Present,2020-12-16,18612.0,2020-09-28,,,,79.0
51,548715,20210120,20210111.0,6,-999999.0,,,,23.07,18.75,0.85,0.86,0.6,1.46,0.0632856523623753,,26-Jan,2.0,1.0,2.0,1.5,3.0,big compression and black under hippo +blob thalamus,,Seiz,,,2749.0,548715HP+C Neuropixel style,Josh Wilkes,10/8/2020,Josh Siegle,Severine,HP+C Neuropixel style,Ready for Feedback,102-02-004-10: BTV Observatory Visual Behavior,1805.0,10/5/2020,10/9/2020,Reverse (9pm to 9am),Yes,NeuropixelVisualBehaviorDevelopment,Brain Observatory Visual Behavior Neuropixel,C57BL6J,C57BL6J-548715,02-004-235-1805,Female,8/17/2020,SWS 3,18.0,20.3,2.0,15.0,1.5,Neuropixel-style headframe (0160-100-10/0160-200-36),Left,4667.0,Select if applicable...,2.8,1.3,5mm,Yes,Select...,,,Select...,,,,Select...,,,,Select...,,,,Select...,,Select...,,Vivarium -80,Select...,,,,Select...,,,,,Select...,,Vivarium -80,Select...,,,,Select...,,,,,Complete,None,None,Central,None,Moderate,None,Select...,Select...,Select...,Select...,Select...,Select...,,Select...,,,Select...,Select...,Select...,Select...,Select...,,,,10/15/2020,,,,,,,,,,,,"â€‹Hematoma seen at 2 and 7 position after pop, went well otherwiseÂ 

",Item,BrainScience/IVS/Neurosurgery-Behavior/Lists/SWR 2018Present,2021-01-20,18647.0,2020-10-08,2020-08-17,52.0,156.0,104.0
52,548716,20210217,20210125.0,17,-999999.0,,,,25.23,19.64,0.85,1.81,0.48,2.32,0.0919540229885057,,,,,,,,,,,,,,,,,,,,,,,,,,,,,,,,,,,,,,,,,,,,,,,,,,,,,,,,,,,,,,,,,,,,,,,,,,,,,,,,,,,,,,,,,,,,,,,,,,,,,,,,,,,,,,,,,,,,,,,,,,,,,,,,,2021-02-17,18675.0,,,,,
53,548717,20210127,20210119.0,6,-999999.0,,,,24.93,20.21,0.85,0.98,0.425,1.395,0.055956678700361,,2-Feb,2.0,2.0,2.0,2.0,4.0,compression and black under hippo,,Seiz,,,,,,,,,,,,,,,,,,,,,,,,,,,,,,,,,,,,,,,,,,,,,,,,,,,,,,,,,,,,,,,,,,,,,,,,,,,,,,,,,,,,,,,,,,,,,,,,,,,,,,,,,,,,,,,,,,,,,,,2021-01-27,18654.0,,,,,
54,548720,20210203,20210125.0,7,-999999.0,,,,24.37,21.4,0.85,0.46,0.54,1.0,0.0410340582683627,,,,,,,,,,,,,,,,,,,,,,,,,,,,,,,,,,,,,,,,,,,,,,,,,,,,,,,,,,,,,,,,,,,,,,,,,,,,,,,,,,,,,,,,,,,,,,,,,,,,,,,,,,,,,,,,,,,,,,,,,,,,,,,,,2021-02-03,18661.0,,,,,
55,548721,20210203,20210126.0,6,-999999.0,,,,24.57,20.35,0.85,0.6799999999999999,0.54,1.21,0.0492470492470492,,,,,,,,,,,,,,,,,,,,,,,,,,,,,,,,,,,,,,,,,,,,,,,,,,,,,,,,,,,,,,,,,,,,,,,,,,,,,,,,,,,,,,,,,,,,,,,,,,,,,,,,,,,,,,,,,,,,,,,,,,,,,,,,,2021-02-03,18661.0,,,,,
56,550324,20210217,20210208.0,7,-999999.0,,,,32.0,26.0,0.85,1.2,0.45,1.65,0.0515625,,,,,,,,,,,,,,,,,,,,,,,,,,,,,,,,,,,,,,,,,,,,,,,,,,,,,,,,,,,,,,,,,,,,,,,,,,,,,,,,,,,,,,,,,,,,,,,,,,,,,,,,,,,,,,,,,,,,,,,,,,,,,,,,,2021-02-17,18675.0,,,,,
57,554013,20210224,20210212.0,8,-999999.0,,,,25.17,20.05,0.85,1.34,0.655,1.975,0.078466428287644,,,,,,,,,,,,,,,,,,,,,,,,,,,,,,,,,,,,,,,,,,,,,,,,,,,,,,,,,,,,,,,,,,,,,,,,,,,,,,,,,,,,,,,,,,,,,,,,,,,,,,,,,,,,,,,,,,,,,,,,,,,,,,,,,2021-02-24,18682.0,,,,,
58,556021,20210224,20210215.0,7,-999999.0,,,,25.07,20.68,0.85,0.63,0.75,1.51,0.0602313522138013,,,,,,,,,,,,,,,,,,,,,,,,,,,,,,,,,,,,,,,,,,,,,,,,,,,,,,,,,,,,,,,,,,,,,,,,,,,,,,,,,,,,,,,,,,,,,,,,,,,,,,,,,,,,,,,,,,,,,,,,,,,,,,,,,2021-02-24,18682.0,,,,,
